id,year,horizon,resolution_year,p_checkable,p_sarcastic,specificity_level,domain,direction,story_title,comment,llm_verdict,llm_summary,llm_sources,anthony_verdict,anthony_sources,notes
6831501,2013,1_to_5y,2018,0.83,0.09,2.99,product_adoption,success,Amazon Prime Air,"Once they have tens of thousands of these operating, i'd imagine per unit cost will fall below $2000 within few years, even accounting for R&D.  If it can deliver 10 packages per day (accounting for charge time), that's 3600 deliveries per year.  Even if you have to replace it after 1 year, it's 50-60 cents per delivery.

This will be perfect for suburbs nearby metropolitan regions.",did_not_come_true,"By 2018 Amazon had no commercial drone delivery operations at all — it only received FAA Part 135 air-carrier certification in August 2020, and real deliveries only began in late 2022. Even today (2026), Amazon Prime Air operates from about a dozen sites with only 12-20 drones per site (hundreds of drones total, not 'tens of thousands'), and cumulative deliveries are in the tens of thousands, nowhere near the 3,600 deliveries/drone/year implied by the comment. The commenter's specific quantitative prediction (tens of thousands of ~$2,000 drones each doing 10 deliveries/day) never materialized within the stated few-years/2018 horizon, and even by 2026 the scale described has not been reached.",https://en.wikipedia.org/wiki/Amazon_Prime_Air https://www.cnbc.com/2023/05/18/amazons-100-drone-deliveries-puts-prime-air-behind-google-and-walmart.html https://www.marketplacepulse.com/articles/ten-years-of-amazon-drones https://www.freightwaves.com/news/amazon-to-scale-up-drone-delivery-in-2025-ceo-says https://www.foxnews.com/tech/amazon-drone-delivery-coming-nearly-500-cities,,,
13330322,2017,1_to_5y,2022,0.81,0.11,2.45,company_fate,no_change,The ad tech renaissance,"This article is mostly bullshit.

AppNexus is one of the major SSPs (sell-side platforms) but they still have major fraud and legacy tech issues. They are also one of the primary causes of miserable user experiences across the web. They will not be part of any adtech renaissance.

Google won't flinch if margins really do go down to single-digit margins. They're already built for worse conditions than today and are just pacing the market, as seen with the whole header bidding scenario. They also have Google Cloud rapidly scaling and will likely be a bigger source of revenue than their entire ads division in a few years.

Meanwhile AppNexus can barely survive on their current margins and will be out of business if it hits single-digits. The disintermediation mentioned in this article will also apply just as harshly to AppNexus.

The lame insights about machine learning and formats aren't anything special. This is why Google and Facebook get all the money already, because they have a much faster, cleaner, more relevant, and more effective ad experiences. The renaissance is already here and it's getting increasingly harder to compete with these data behemoths. It's not impossible though and there are several niche focused ad startups, but there's no big sea change about to happen. This is all just business as usual.",partly,"AppNexus indeed failed to become part of any 'adtech renaissance' — it was swallowed by AT&T in 2018, languished as Xandr, was sold to Microsoft in 2021-22, and Microsoft ultimately shut down its DSP business (the old AppNexus core) in 2025/2026, confirming the commenter's skepticism about AppNexus's survival. However, the specific prediction that Google Cloud would become 'a bigger source of revenue than their entire ads division in a few years' clearly did not happen — by 2022 Google Cloud revenue (~$26B) was less than one-eighth of Google advertising revenue (~$224B), and the gap remained enormous through 2023-2025. Additionally, the claim that it would get 'increasingly harder to compete' with Google/Facebook was undercut by the actual erosion of the Google-Meta 'duopoly' share of US digital ad spend below 50% by 2022 amid rising competition from Amazon, TikTok, and retail media.",https://www.sec.gov/Archives/edgar/data/1652044/000165204423000016/goog-20221231.htm https://en.wikipedia.org/wiki/Xandr https://www.adexchanger.com/online-advertising/microsoft-invest-formerly-xandr-dsp-and-formerly-appnexus-before-that-will-just-be-formerly/ https://www.adexchanger.com/online-advertising/xandr-formerly-appnexus-is-now-formerly-att-after-its-acquisition-by-microsoft/ https://www.axios.com/2022/12/20/google-meta-duopoly-online-advertising https://www.digitalinformationworld.com/2022/07/meta-and-googles-ad-spend-duopoly-to.html https://www.forbes.com/sites/bradadgate/2022/11/03/revenue-of-alphabet-and-meta-the-digital-duopoly-have-been-slipping/,,,
8824178,2015,under_1y,2016,0.87,0.17,1.89,company_fate,no_change,What is going to happen in 2015,"Xiaomi will spend some of the $1.1bn they just raised coming to the US

I doubt that. Most of the $1.1bn would be spent defending against IP lawsuits that operating the US would make them vulnerable to. Xiaomi's phones look like a better rip off of Apple than Samsung was able/willing to do, and Apple will sue them if they enter a market with good IP protection.",came_true,"Xiaomi never launched an official smartphone business in the U.S.—a brief, unauthorized one-day sale through carrier US Mobile in February 2016 was quickly shut down by T-Mobile, and Xiaomi still has no official U.S. smartphone presence as of 2025. Consistent with the commenter's IP-litigation concern, Xiaomi was hit with a patent-infringement suit (by patent-troll firm Blue Spike) in Texas in late 2015 specifically over its Mi 4/Mi 5 phones ahead of any planned U.S. entry, illustrating the IP exposure the commenter anticipated, even though it wasn't Apple itself suing over 'rip-off' design as literally guessed. A decade later, Xiaomi—despite being the world's #3 smartphone maker—still has never officially sold phones in the U.S. market, confirming the core prediction that the $1.1bn raise would not translate into a genuine U.S. smartphone launch.",https://www.scmp.com/tech/enterprises/article/1889024/chinas-xiaomi-slapped-patent-infringement-suit-blue-spike-us-over https://www.slashgear.com/xiaomi-enters-the-us-market-via-carrier-but-theres-a-catch-01425134/ https://www.slashgear.com/1219192/why-xiaomi-phones-are-not-sold-in-the-us/ https://www.androidauthority.com/did-you-know-xiaomi-phones-sold-us-carrier-one-day-3545737/ https://www.cnbc.com/2020/01/22/xiaomi-still-eying-us-market-entry-despite-trade-war.html,,,
10673510,2015,1_to_5y,2020,0.82,0.15,1.86,language_or_framework,change,Swift is Open Source,"Swift 3 will be ABI stable, so things will break less - that might not include standard library stability, but Swift projects currently include a copy of the standard library to avoid that.",did_not_come_true,"The commenter's specific claim was that Swift 3 would achieve ABI stability. In fact, ABI stability for Swift 3 was deferred by Chris Lattner in mid-2016 and did not ship until Swift 5.0 in March 2019. The interim solution the commenter mentioned—apps bundling their own copy of the Swift standard library—remained necessary through Swift 3 and 4, only becoming unnecessary once Swift 5 shipped an ABI-stable runtime embedded in the OS.",https://www.infoq.com/news/2016/05/swift-3-no-stable-abi/ https://www.swift.org/blog/abi-stability-and-more/ https://www.nutrient.io/blog/binary-frameworks-swift/,,,
2283594,2011,under_1y,2012,0.78,0.18,1.93,language_or_framework,failure,Disney acquires gaming engine startup to build HTML5 games outside of App stores,"With WebGL on the very near horizon, I think making HTML5 games with the 2D canvas is going to die before it even gets off the ground.

With that said, I'm sure the guys at Rocket Pack are insanely talented and will be on the forefront of WebGL development when the time comes.",did_not_come_true,"Canvas 2D never died out — it remained (and remains) a widely used, standard technology for 2D HTML5 games, with frameworks like Phaser continuing to rely heavily on it, while WebGL became the go-to choice mainly for 3D or graphics-intensive 2D scenes rather than replacing canvas entirely. Modern guides from 2024-2025 still frame Canvas 2D as the default/simpler choice for 2D games and WebGL as a complementary, higher-performance option, showing the two coexist rather than one supplanting the other as the commenter predicted.",https://friendzy.xyz/2025/07/22/webgl-vs-html5-for-browser-games/ https://medium.com/@playgama-dev/html5-game-development-trends-and-tools-for-2025-fe54af43ca70 https://gamineai.com/blog/game-development-with-javascript-html5-canvas-vs-webgl https://reintech.io/blog/canvas-api-game-development,,,
20144297,2019,1_to_5y,2024,0.75,0.36,1.92,infrastructure,failure,Apple Is Listening,"I’d reckon this is part of the long term plan for the T2 chip, they just need a few years before they can stop supporting the “normal” computers.",came_true,"Apple completed its Intel-to-Apple-Silicon transition in June 2023 with the release of the M2 Ultra Mac Pro, meaning Apple no longer sells or manufactures 'normal' (Intel-based, open-architecture) Macs ""as long ago as 2023."" This confirms the commenter's 2019 prediction that the T2 chip was a stepping stone toward Apple eventually dropping support for standard, less-locked-down computers in favor of its own tightly integrated custom silicon; by 2026 Apple has even set a firm end date (2028) for security updates on remaining Intel machines and macOS 26 Tahoe is already the last major OS release supporting them.",https://en.wikipedia.org/wiki/Mac_transition_to_Apple_silicon https://www.bgr.com/tech/apples-last-remaining-intel-macs-have-been-quietly-discontinued/ https://www.macworld.com/article/3224482/apple-just-ended-support-for-three-more-intel-macs.html https://tech.yahoo.com/computing/articles/apple-plans-phase-intel-mac-182050812.html,,,
19481373,2019,under_1y,2020,0.71,0.27,1.98,society_work,change,"Mathigon – an interactive, personalized mathematics textbook","If you are referring the course content creation. Well, I have thought about it.

In the initial stages, No.

You would want to have control over the content to 
1. Update / Iterate it faster 
2. Sense of continuity when switching from one course to successive one.

One of the problem, I have personally felt is the abundance of video based courses for a single topic. And none whatsoever for a deeper topic.

When you jump from one video-based course to another, then you either feel there is a bit of overlap or a bit of skip of content. This is due to different university teaching style and syllabus.

Self-learning online today, basically feels a bit disorganized. You need to scourge through the entire internet to find good resources. A lot of people have created wonderful platforms (""awesome"" repos, Learn-anything.xyz etc) to curate those resources and my experience has been opposite when I encounter these resources.

I need one good resource, not 10+ resources to learn about a topic. And when I do complete a course, I feel I am missing out by not completing other good resource. This might be only a personal experience though.

The D.R.Y. Principle I wrote in the website, basically means, you don't need to waste effort studying something you have already covered. The teaching style will be uniform. And you can scale deeply. Kind of a like an endless book that keeps on adding new updated things for you to learn more. It is easier when you are in charge of course creation.

That being said, all the Course Notebooks, will be available free for everyone. Anyone can read what Primer is trying to teach without spending a penny.

Also, I don't have a fixed plan. Everything is based on this hypothesis that Conversational Learning is better for self-studying than video based courses. Given we are able to prove by putting Computer Science Resources by the end of the year, then we can discuss about what would be the best way forward.

Hope it makes sense.",partly,"The commenter's Primerlabs project did eventually release conversational, self-paced computer science courses (covering topics like machine learning, distributed systems, and computer networks), which was the core hypothesis test he described. However, this launch (a public ""Show HN"" beta) did not happen until July 2021—well over a year past his stated end-of-2019/2020 goal—and even then the company remained tiny, unfunded, and had not moved on to other subjects like math as originally envisioned; PitchBook now lists Primer Labs as ""Out of Business.""",https://news.ycombinator.com/item?id=27884189 https://primerlabs.io/faqs/ https://devblog.primerlabs.io/introducing-primer-conversational-learning-medium https://tracxn.com/d/companies/primer/__5EOCEWpADKKout-xvUjjiS13d4nSIDxIqwDGPHQ31_g https://pitchbook.com/profiles/company/596077-30 https://www.cbinsights.com/company/primerlabs/,,,
11829156,2016,1_to_5y,2021,0.7,0.24,1.98,infrastructure,change,Microsoft uses malware tactics to foist Windows 10 on more PCs,"I agree. But I would expect Windows Pro to be that edition. The ""pro"" doesn't stand for much right now.",did_not_come_true,"By 2021 (and beyond), Windows 10/11 Pro still shared most of the consumer-annoyance issues the commenter was complaining about — built-in Start menu/lock-screen ads and default telemetry collection could not be fully disabled on Pro, only on the Enterprise edition; Home users lacked Group Policy access but Pro's main edge was mainly update-deferral via gpedit, not exemption from the 'malware-like' forced update/ads/telemetry behavior. So the hope that Pro would become the differentiated, 'stands for something' edition exempt from these tactics did not materialize; Enterprise (and later LTSC) remained the tier that actually avoided them.",https://www.howtogeek.com/269331/how-to-disable-all-of-windows-10s-built-in-advertising/ https://winaero.com/how-to-disable-telemetry-and-data-collection-in-windows-10/ https://www.bleepingcomputer.com/news/microsoft/microsoft-removed-the-defer-feature-update-setting-in-windows-10/ https://www.computerworld.com/article/1630938/microsoft-strips-manual-deferrals-of-future-feature-upgrades-from-windows-10-cites-confusion.html https://mananapr.github.io/win10_ltsc.html,,,
15699748,2017,under_1y,2018,0.78,0.33,1.62,product_adoption,success,How to Get Rich Playing Video Games Online,"Actually a great idea, and this sort of ""augmented viewing"" will almost certainly happen sooner rather than later.",came_true,"The comment (in the HN thread on the New Yorker's Twitch profile) predicted that 'augmented viewing' — real-time data/stat overlays layered on top of game streams for viewers — would happen soon. This is exactly what occurred: Twitch launched its Extensions platform in September 2017, letting developers build interactive video-player overlays (e.g., Destiny Armory Overlay, PUBG/Rocket League live trackers) that surfaced live game data directly on top of streams, and by 2018 more extensions like Esports One's League of Legends OneView followed. Since then, real-time stat overlays and AR-style graphics have become a standard, ubiquitous feature of esports broadcasts and Twitch/YouTube streaming.",https://blog.twitch.tv/en/2017/08/31/introducing-extensions-a-streaming-revolution-c31762addcd9/ https://www.geekwire.com/2017/twitch-unveils-new-tools-content-creators-including-gear-amazon-monetization-platform/ https://www.neowin.net/news/twitch-extensions-go-live/ https://www.pcgamer.com/twitch-extensions-will-bring-new-interactive-experiences-to-streams/ https://en.wikipedia.org/wiki/Esports_One https://www.vizrt.com/community/case-studies/esports/live-league-of-legends-esports-with-ar/,,,
20913863,2019,under_1y,2020,0.67,0.09,1.99,language_or_framework,success,"Great products do less, but better","A while back I stared extracting all this cruft / boilerplate stuff into a parallel web application that complements your web app so we can avoid rewriting it and let it stably do the boring stuff while your application develops independently.  I have a few details left to take care of in the coming weeks and then it will just be a rock-solid, well-tested, well-documented companion web app for everything from tiny web apps through to SaaS and Stripe Connect platforms which it supports through modules.

https://userdashboard.github.io/home",came_true,"The commenter's project became the ""Dashboard"" open-source software (github.com/userdashboard), which by August 2019 was launched via a Show HN post as a self-hosted, modular companion web app handling accounts, organizations, and Stripe Subscriptions/Stripe Connect payments—exactly matching the description in the original comment. The documentation site (userdashboard.github.io) confirms these features (Account management, User administration, Organizations, Stripe Subscription payments, Stripe Connect payouts) were completed and documented, along with example apps and modules, fulfilling the ""few weeks"" timeline stated for a 2019-2020 horizon.",https://news.ycombinator.com/item?id=20752198 https://userdashboard.github.io/ https://github.com/userdashboard/dashboard https://github.com/userdashboard/stripe-subscriptions https://github.com/userdashboard/organizations https://github.com/userdashboard/example-subscription-web-app,,,
8295347,2014,under_1y,2015,0.68,0.14,1.77,crypto_finance,failure,Seniors and the generation spending gap,"Wow!:
“But they shouldn’t expect to be subsidized by the poor.”

Something is very clear: politicians always want more, and more and more. They never have enough taxes.

""Thanks to stock market booms, economic growth, a soaring real estate market and a major expansion in both private and government pension plans""

I don't know Canada, but here in Europe pensions are shrinking, and stock market is a bubble that will pop when interest types rise, and they will soon(they are unsustainable now).

I am young and the only thing I need is freedom, economic freedom included, let bubbles burst so we could acquire our houses and cars at the right price. They let it only go up, then they try to sustain it artificially injecting public money in banks and making ""bad banks""also public.

Politicians and taxes are the problem, not the solution.",did_not_come_true,"The commenter predicted that interest rates would rise 'soon' and pop what he saw as an unsustainable stock-market bubble, implicitly within the 2014-2015 window. In reality, the ECB kept rates near zero (and even cut its deposit rate into negative territory) throughout 2014-2015, and the U.S. Federal Reserve did not begin raising rates until December 2015, only at the very tail of the window, with just a token quarter-point hike. Far from bursting, global stock markets continued their multi-year bull run well beyond 2015 (interrupted only by a temporary 2015-2016 selloff driven mainly by Chinese market turmoil, not rising rates), so the predicted bubble-popping tied to rising interest rates did not occur in the stated timeframe.",https://www.ecb.europa.eu/stats/policy_and_exchange_rates/key_ecb_interest_rates/html/index.en.html https://www.business-standard.com/amp/article/news-cm/ecb-reduces-interest-rate-to-record-low-of-0-05-114090400990_1.html https://en.wikipedia.org/wiki/2015%E2%80%932016_stock_market_selloff https://www.weforum.org/stories/2016/01/the-ecb-vs-the-federal-reserve-different-reactions-to-the-great-recession/,,,
3024841,2011,1_to_5y,2016,0.65,0.1,1.79,product_adoption,success,Web Technologies Need an Owner,"The web has already crushed a bunch of 'owned' platforms that had strong-willed, deep-pocketed stewards. A good run for iOS, and a few features where the web lags, doesn't change the immense power of the web commons platform. The things proven-out by adjacent proprietary platforms will be assimilated, in a few years' time — plenty of time for  multivendor adoption and mass-market usership.

(It won't be standards bodies that lead the way — they never do. At best they can codify consensus after the fact, and lightly shame laggards. Instead a rotating selection of innovators, in different categories, will drive change.)",came_true,"By 2014-2016 the web platform did assimilate many capabilities that had been proven out on proprietary/native platforms like iOS — offline support, push notifications, camera/geolocation access, background sync — largely via the Service Worker/Push API stack that began as Chrome/Mozilla-led experiments (first Service Worker commits in 2013, first public draft in 2014) rather than a top-down standards effort. This mirrors exactly the mechanism the commenter described: the 2013 Extensible Web Manifesto (co-authored by browser engineers like Alex Russell and Yehuda Katz) explicitly called for browser vendors and developers to prototype low-level capabilities first and let standards bodies 'codify consensus after the fact,' and PWAs became a mainstream cross-vendor pattern well within the stated few-year horizon. Some gaps remained (e.g., Apple's slower/partial PWA support), but the overall pattern of innovator-led, non-standards-body-driven assimilation of proprietary-platform features into the open web played out largely as predicted.",https://chromeos.dev/en/posts/pwas-past-present-future https://github.com/extensibleweb/manifesto/blob/master/README.md https://www.bocoup.com/blog/extensible-web-manifesto https://www.blotdesign.com/article-detail.php?page=160,,,
19026160,2019,1_to_5y,2024,0.56,0.08,2.03,infrastructure,change,A New Golden Age for Computer Architecture,"If we ever have an industrial revolution or massive productivity gains again it will most likely involve autonomous machines for things like farming, construction, delivery, transport, etc. All of these things depend on increases in power efficiency or performance. It is possible that we are one or two ""doublings"" away from achieving this in a mobile package and then suddenly moore's law stops.

For example Tesla is betting on conventional cameras and tries to overcome their shortcomings with computationally intensive machine vision. Tesla's custom chips allows them to have more processing power which means they can install more high resolution cameras and other sensors.",partly,"By 2024 there was no industrial-revolution-scale productivity leap from autonomous farming, construction, delivery or transport machines — these sectors show steady, incremental automation gains (e.g., agricultural robotics, AMRs) but nothing resembling a sudden revolution, and Tesla's own 'full self-driving' remained a supervised Level-2 system (with Tesla later admitting HW3 cars can never reach unsupervised FSD). Moore's law also did not 'suddenly stop'; instead it has continued a gradual, widely-debated slowdown (2nm nodes shipping, cadence stretching to ~2.5-3 years) rather than an abrupt halt. The one part that did pan out as described is Tesla's strategy itself: it kept building custom silicon (HW3→HW4→HW5) specifically to add more and higher-resolution cameras and compute power to compensate for camera-only vision, exactly as the commenter predicted.",https://en.wikipedia.org/wiki/Moore's_law https://www.eetimes.com/the-impact-of-the-end-of-moores-law-on-the-ai-gold-rush/ https://cars.usnews.com/cars-trucks/advice/tesla-full-self-driving https://teslant.com/en/guides/tesla-fsd-hardware-generations-reference-2026 https://ts2.tech/en/robotics-and-automation-trends-2025-industry-breakthroughs-and-market-outlook/ https://www.tesla.com/support/fsd,,,
963607,2009,under_1y,2010,0.66,0.09,1.45,language_or_framework,success,Why is Haskell so popular?,"Static type systems are evolving rapidly and becoming so powerful they are close to merging with algebraic specifications (e.g. OBJ, CASL). They will (soon) have type/proof systems that will become the foundation for all future engineering of large reliable systems. Why would you make an application author write unit tests on the outside of a weak language, when you can verify from inside of a strong one ? Why would you even wrap a weak language with an incomplete informal poorly specified unit test generator, when you can verify it rigorously inside the type system of strong language ?

Along with convergence of languages and tools, there is also a recognition that isolation of side effects and composition of operations are the fundamental mechanisms for building large software systems from reusable components, and Category Theory is the formalism for describing composition. For example, in the Haskell community there is an ongoing exploration of the compositional properties of isolation primitives like Monads, Arrows, Applicative Functors and Comonads (yeah, Category Theory terminology is a barrier to progress). Haskell is not the final language, but it is the medium in which the correct path is being discovered. I would also say the move from Java to Scala is also a step in the right direction of more powerful type systems and a (more) functional approach.

On the Lisp side, there has always been a cacophony of variations, and people might have had high hopes for Arc, but the future is Clojure.

Interesting that the two most innovative recent languages, Scala and Clojure, have been built on the JVM.",partly,"Some elements proved prescient—functional-programming ideas like monads, algebraic data types, and stronger type systems (influenced by Haskell-style category-theory concepts) did spread into mainstream languages such as Rust, Swift, TypeScript, and F#—but the stronger claims did not pan out: dependent/proof-based type systems never became ""the foundation for all future engineering of large reliable systems,"" and neither Scala nor especially Clojure became ""the future""; by 2025 Scala sits around #27 on TIOBE with a shrinking, niche job market, and Clojure surveys/job boards likewise show a small, stable but non-dominant community, both eclipsed in JVM circles by Kotlin. So the directional bet on FP/type-theory ideas was right, but the specific language predictions (Scala's ascendancy, Clojure as ""the future"") and the grand claim about proof systems replacing testing did not come true.",https://clojure.org/news/2026/02/18/state-of-clojure-2025 https://www.itjobswatch.co.uk/jobs/uk/clojure.do https://www.intsurfing.com/blog/scala-market-overview-2025/ https://www.hyperlinkinfosystem.com/article/kotlin-vs-scala,,,
7820830,2014,1_to_5y,2019,0.51,0.24,2.03,society_work,no_change,Mark Zuckerberg and his wife to donate $120M to needy Bay Area schools,">Amazing that the money is all gone

Not really. This is what American Capitalism is known as around the world. In oil and gas you know to sell your shares and not work for a firm that gets an American CEO because everything the article talks about happens without fail within the first three years.

The short and simple of it is that Americans businesses just plain have no morals and everyone expects to be screwed over by them.

>It gives me more appreciation for Bill Gate's approach

Is just as bad as everyone else.

Remember that amazing mosquito zapper he demoed 4 years ago[1]? Turns out the reason you haven't heard anything more about it is because he hired his patent troll friends over at Intellectual Ventures to do it for him [2]. Since they own the patents for it no one else can develop it and they aren't cross licensing, kind of obvious for a patent troll. Since they are a patent troll they aren't doing anything but holding the intellectual property and not producing any units.

So all in all, it's just another green washing bullshit fest as are most of his other investments in the region.

[1] https://www.youtube.com/watch?v=fwyMuwNYKvI

[2] http://online.wsj.com/news/articles/SB123680870885500701?mg=...",partly,"By 2019, Intellectual Ventures had not turned Global Good's mosquito laser (""Photonic Fence"") into a mass-produced malaria-fighting device; it remained largely a prototype/demo project, which supports the commenter's core claim that it was mostly hype (""greenwashing"") rather than a real product for fighting malaria. However, the commenter's specific claim that IV was patent-trolling by refusing to license the technology proved wrong—IV signed licensing/development deals with Lighting Science (2015) and spun out Photonic Sentry (2016) to commercialize the tech for agriculture and hospitality markets, and R&D continued through the 2020s (including peer-reviewed papers), so it wasn't simply sitting unused as pure patent trolling.",https://www.geekwire.com/2015/intellectual-ventures-laser-mosquito-zapper-one-step-closer-to-commercialization/ https://www.fastcompany.com/3059127/what-happened-to-the-mosquito-zapping-laser-that-was-going-to-stop-malaria https://photonicsentry.com/ https://en.wikipedia.org/wiki/Mosquito_laser https://www.nature.com/articles/s41598-024-57804-6 https://www.pbs.org/video/fighting-mosquitoes-with-frickin-laser-beams-tdwh5y,,,
13122449,2016,under_1y,2017,0.68,0.39,1.19,other,change,US airline to charge passengers extra to use overhead lockers,"Generally I'd say that if it encourages more people to check luggage and reduce the shit show that boarding has become I'm all for it. But then it doesn't affect me personally because I don't pay for bags and only carry a backpack on board. I definitely see how the move might encourage more people to sign up for United credit cards with baggage perks that ""pay for themselves.""

Also, if you pay a lower fare or don't book early enough and your party is broken up that's your problem. Maybe I'm an asshole for saying no. But unless it involves children or some other extenuating circumstance, or you just need me to move an aisle or two back and I still get my  aisle or window or whatever I chose that day, I'm not giving you my seat and won't feel even a little bad about it.",partly,"The HN thread referred to United Airlines' November/December 2016 announcement of a 'Basic Economy' fare (rolling out in 2017) that barred cheapest-fare passengers from using overhead bins unless they paid more, which some outlets inaccurately reported as a straight 'overhead bin fee.' United executives later said (2018) the policy was 'working as designed,' pushing some travelers to pay more or check bags and helping operational metrics, but boarding congestion and overhead-bin fights remained a persistent, widely-reported industry problem for years afterward (e.g., Southwest's 2026 boarding overhaul struggles, new Jetstar/easyJet bin fees), so the commenter's hoped-for broad fix to the boarding 'shit show' only partly materialized and only for a narrow fare class, not industry-wide.",https://www.snopes.com/fact-check/united-airlines-begin-charging-use-overhead-storage/ https://www.cnbc.com/2018/10/17/united-airlines-basic-economy-still-wont-include-overhead-bin-bags.html https://fortune.com/2016/11/15/united-airlines-low-fare-carry-on-bag https://thepointsguy.com/news/southwest-airlines-refining-boarding-overhead-bin-policies/ https://www.businesstravelnews.com/Transportation/Air/Uniteds-New-Basic-Economy-Fare-Will-Restrict-Overhead-Bin-Use,,,
15232768,2017,1_to_5y,2022,0.61,0.17,1.43,infrastructure,change,Apple Watch 3,"It wasn't until a later version of iOS that you could setup an  iPhone without iTunes. The same independence should come to the Apple Watch eventually, it just might take a few more versions.",did_not_come_true,"As of 2026, an Apple Watch still cannot be initially set up or activated without an iPhone being involved at some point; the Watch app on an iPhone is required to pair and activate any new Apple Watch. Apple did introduce ""Family Setup"" (2020) letting a watch operate as a standalone device afterward, but this still requires a household iPhone to perform the initial pairing/activation, so full independence analogous to iTunes-free iPhone setup never materialized within or beyond the 2022 horizon.",https://www.digitalcitizen.life/how-to-set-up-an-apple-watch-without-an-iphone/ https://www.macworld.com/article/676595/does-an-apple-watch-work-without-an-iphone.html https://support.apple.com/en-us/109036 https://applewatchlab.com/how-to-set-up-apple-watch-without-iphone/,,,
10549425,2015,5_to_10y,2025,0.62,0.23,1.37,society_work,no_change,Hoffa: TPP a punch to the gut of U.S. workers,"Because of explosive growth nobody saw coming at the time.  I doubt the same is going to happen with say - automobiles, or designer clothing.  We can make a pretty good estimate of what demand will be over the next decade.",partly,"The commenter argued that, unlike whatever had seen 'explosive growth nobody saw coming,' auto and designer-clothing demand could be reasonably forecast for the next decade. In aggregate this held loosely—global light-vehicle sales went from about 88–89 million units in 2015 to roughly 99.8 million in 2025, a modest, non-explosive rise, and luxury/designer apparel also grew at steady single-digit rates rather than exploding. However, the path was far from the smooth, easily-forecastable trend implied: COVID-19 caused an unprecedented sales collapse in 2020, followed by a chip-shortage-driven supply crunch, a rapid and largely unanticipated EV transition, and renewed US tariff shocks in 2024-2025, all of which made industry demand far harder to predict a decade out than the commenter suggested. So while the 'no explosive growth' part proved roughly correct, the 'we can make a pretty good estimate' claim was only partially vindicated.",https://www.spglobal.com/automotive-insights/en/blogs/2025-auto-sales-forecast-global https://autokunbo.com/global-automotive-production-volume-2015-2025/ https://statbase.org/datasets/road-transportation/vehicles-sales-by-country/ https://www.just-auto.com/features/global-automotive-market-forecasts-for-2025/,,,
1851110,2010,under_1y,2011,0.59,0.12,1.36,policy_law,change,My dalliance with smart drugs - and the lesson I learned,"> Even if these drugs have risks, the risks of obesity are likely much higher.

""Likely"", nice weasel word there. In fact, sibutramine was pulled after the SCOUT trial showed that the risks of obesity were not higher. The cardiovascular risks of the drug more than offset the decresae in risks from lower weight.

Lorcaserin was barely efficacious, and had a cancer signal.

Qnexa was very efficacious, but had even more serious side effects. One serious one-two punch is that it makes women much more fertile because of the hormonal effects of weight loss (in the clincial trial something like 20 women got pregnant despite double birth control protection), and at the same time contains topiramate, a Pregnancy Category C drug known to cause birth defects.

You'll get no argument from me that the FDA is very risk averse (and I think there are several drugs rejected this year that should have been approved, e.g. pirfenidone for IPF), but I think you're wrong that the FDA should have approved these obesity drugs. As you say, obesity is a big problem in the US, which means lots and lots of people are going to take any drugs once they're approved. Such drugs have to be incredibly safe or there will be lots of problems.

The next obesity drug to come up for FDA approval is Orexigen's Contrave, and we'll see what happens there.",came_true,"Within the commenter's stated 2011 horizon, the FDA did exactly what the commenter implied would happen given its risk-averse posture on obesity drugs: on January 31, 2011 it issued a Complete Response Letter rejecting Contrave, citing unresolved cardiovascular safety concerns and demanding a large pre-approval outcomes trial. This mirrored the pattern the commenter described with sibutramine, lorcaserin, and Qnexa (all pulled/rejected/troubled), confirming the FDA's cautious stance toward obesity drugs that the commenter argued was appropriate. (Contrave was eventually approved years later in 2014 after additional cardiovascular data, but that is outside the 2011 horizon the commenter specified.)",https://www.biospace.com/u-s-fda-rejects-orexigen-therapeutics-inc-diet-drug-over-heart-risks https://medicalxpress.com/news/2011-02-fda-declines-orexigen-diet-drug.html https://en.wikipedia.org/wiki/Naltrexone/bupropion https://www.fiercebiotech.com/biotech/fda-issues-complete-response-to-new-drug-application-for-contrave-r-for-management-of,,,
9860849,2015,under_1y,2016,0.31,0.1,2.91,infrastructure,change,An unexpected benefit of open-sourcing our code,"You're right, but there's no question that being somewhat vague with the patch details and producing only a changed binary means attackers will be slowed down a bit from producing a functional exploit. Even if you're only buying yourself maybe ~6-24 hours, that might mean N extra hours for millions of machines to patch.",unresolvable,"The comment is a general opinion about security-patch economics (that vague/binary-only patches buy attackers a few extra hours, giving more machines time to patch), not a dated, falsifiable prediction with a concrete 2016 outcome to check. Modern security literature and practitioner debate (e.g., 2026 pieces arguing 'silent patches don't stop attackers, they blind defenders' and that binary diffing/patch-diffing is a routine, fast process for sophisticated attackers) show this remains a contested, unresolved claim about degree and magnitude rather than a verifiable event.",https://news.ycombinator.com/item?id=9857784 https://www.securityweek.com/silent-patches-dont-stop-attackers-they-blind-defenders/ https://cve-north-stars.github.io/docs/Patch-Diffing https://www.techtarget.com/searchsecurity/feature/An-introduction-to-binary-diffing-for-ethical-hackers,,,
17034917,2018,under_1y,2019,0.45,0.15,1.22,policy_law,change,California Votes to Require Rooftop Solar Power on New Homes,"The principle that a central authority gets to decree how we live, eat, breath, and think is inherently dangerous, especially when it comes with no evident limits.

This decree, of course, does not do all that but instead covers a narrow class consisting of one product (new homes) with one requirement (solar roofs). It does not affect existing homes. It does not affect homes in Nevada, Arizona, or anywhere else in America. It does not affect homes in any other part of the world. It therefore can be guaranteed, in itself, to have the most trivial of all impacts on the real world global environment. But it will have a very real impact on people living in the affected jurisdiction, not the least of which will be severely limiting their choices concerning new homes and also adding to the price they pay for such homes. On top of all that, it empowers politicians and bureaucrats who will be further incentivized to find new ways to limit choices in the future in the name of symbolic gestures done in the name of environmental concerns. Today, new homes. Tomorrow, existing ones. Next week, cars. After that, whatever experts and technocrats decree should be the subject of new coercive restrictions. Perhaps this is justified because of some ideal that it promotes or perhaps it is just a sell out to the solar lobby. But, justified or not, it certainly curtails freedom and choice and for what? A symbolic gesture at best or some hidden less-than-noble purpose at worst.

One could argue that there are definite limits to a state potentially abusing its authority in extending such powers. After all, there is a transcending principle behind it having to do with the environment. Yet, that is a very elastic principle that can be bent and shaped in ways that cannot readily be contained.

And so we are left with less choice, more expense, and prospects for a more restrictive future. It may or may not be good, but the animating principle, unless it is subject to clear limits (which do not appear here) is one that poses self-evident risks for a free society.",did_not_come_true,"By 2019 (and even years later) California never extended a solar mandate to existing homes—the rule only ever applied to new construction (effective Jan 1, 2020), and existing homes are still exempt except when they undergo major renovations. Likewise, there was no near-term 'cars' mandate in 2019; a gas-car phase-out only came via Newsom's September 2020 executive order targeting 2035 sales, and even that was later blocked by the U.S. Senate in 2025, so the predicted rapid escalation from new-home solar to existing homes to cars did not occur within the commenter's implied near-term horizon.",https://www.currenthome.com/blog/california-solar-mandate-how-it-impacts-homeowners/ https://www.greenlancer.com/post/california-solar-mandate https://sites.law.berkeley.edu/thenetwork/2020/10/05/californias-impending-ban-on-new-sales-of-gas-powered-vehicles/ https://www.pbs.org/newshour/politics/senate-blocks-californias-rule-banning-new-gas-powered-car-sales-by-2035,,,
9121851,2015,under_1y,2016,0.38,0.06,1.41,language_or_framework,success,An alternative introduction to Rust,"I'm a Python user, and always dipping my toes in other tech, working through books on Go, wrote some Node servers and so forth. 
I rarely find something that has enough advantages to warrant augmenting or replace Python or bring it into 'my stack'. The time involved to really master these things isn't worth it, in my opinion.

Something with no GC for hard real-time systems would fit the bill, also something that I could write performance-critical libraries with a C ABI like Rust to call from Python. I've had my eye on Rust and of course C(++), but mostly waiting for Rust to stabilize before diving in.

Guides like this are going to mean a lot in the coming months for people like me who are Rust-curious but don't have a systems programming background.

I'm not so much looking for yet-another-scripting language or GC'd language but a systems language that perfectly augments my Python/SQL knowledge.

Thanks for doing this, Steve.",came_true,"Rust 1.0 was released on May 15, 2015, exactly matching the commenter's 'coming months' stabilization horizon, giving the community the stable, no-GC systems language with a C ABI that the commenter wanted. In the following years an entire ecosystem (rust-cpython, PyO3, maturin, etc.) emerged specifically for writing performance-critical Rust libraries callable from Python, and major Python tools like Polars, Ruff, Pydantic v2, and cryptography now rely on Rust extensions—precisely the 'augment my Python/SQL knowledge' use case the commenter described.",https://blog.rust-lang.org/2015/04/03/Rust-1.0-beta/ https://softwaremill.com/10-years-of-rust-code-community-industry-standards/ https://www.nandann.com/blog/rust-pyo3-python-extensions-guide https://github.com/PyO3/pyo3,,,
19569730,2019,under_1y,2020,0.43,0.2,0.77,infrastructure,no_change,The future of undersea Internet cables: Are big tech companies forming a cartel?,Even strong cartels like opec have to deal with “cheaters” - members who break the rules just a little bit to line their own pockets opportunistically.  I’m not saying trust the content oligarchy but I do think there remain sufficient sources of independent providers and the strong likelihood that there will always be someone willing to sell off some capacity that the scenario above is unlikely... probably.  Ask me tomorrow and I’ll probably agree with you more!,partly,"The commenter's hunch that no true cartel would form because 'cheaters' and independent capacity would persist has aged poorly in one sense but held up in another. Since 2019, Google, Meta, Microsoft and Amazon have gone from owning a modest slice of subsea capacity to controlling roughly 70-75% of global lit bandwidth (from under 10% in 2010), with Meta now building wholly-owned, exclusive systems like Project Waterworth rather than shared consortiums, which is exactly the concentration the original article worried about. However, no formal cartel or price-fixing arrangement has emerged, traditional telecoms (AT&T, Verizon, Singtel, Telstra) and multi-party consortia (e.g., SEA-ME-WE-6) still build and own a majority of individual cable systems, and open-access cables like MAREA still let outside players buy in, so independent capacity has not vanished even as Big Tech's dominance over usage has grown far beyond what the commenter expected.",https://www.bloomberg.com/graphics/2025-us-vs-china-undersea-internet-cables/ https://www.openmarketsinstitute.org/publications/metas-foray-into-undersea-cables-raises-questions-over-critical-infrastructure https://fionakoh.substack.com/p/undersea-cables-how-the-invisible https://www.cnbc.com/2025/11/08/big-tech-ai-underwater-cables.html https://resources.telegeography.com/telegeography-content-providers-submarine-cable-holdings-list-new https://www.mappr.co/submarine-internet-cables/,,,
1255722,2010,1_to_5y,2015,0.38,0.15,0.68,language_or_framework,change,Apple Slaps Developers In The Face,"I don't disagree with any of your points in a fundamental sense: sure, Apple is well within their rights to set the policies they have set, and I understand that Apple believes that all this gives them a distinct market advantage (I won't try to pass judgment on whether or not that's correct; I don't think anyone here knows for a fact whether they'd be better off another way).

Development for a mobile device is different.  If you were developing a Windows application, you'd be expected to own a Windows system.  If you're developing a MacOS X application, you'd be expected to own a system that runs MacOS X.

But what about an iPhone application?  By the above logic, you should only be expected to own an iPhone.  Now, this analogy breaks down a bit, because I wouldn't expect anyone to actually develop a serious piece of software directly on an iPhone (at least not without an external monitor, mouse, and keyboard).  So you need another platform to do your development on.  Apple is requiring you to buy a Mac.  Clearly they have development tools that work on Windows, otherwise Win Safari wouldn't be possible.  A port of the iPhone SDK to Windows (or Linux, or whatever) is certainly not out of the question... it's just a matter of throwing resources and time at it.  Now, again, I can certainly believe that Apple would think that restricting iPhone development to Macs is in their best interest, but it's ludicrous to suggest that this decision is also in their developers' best interests.  I think that's what a lot of people are pissed off about.

Go to another mobile platform?  Sure, you can do that, but then you're restricting your market.  Yes, there are quite a few other lucrative mobile platforms (several of which have greater market share than the iPhone), but, as a developer, you end up with the unfortunate choice of having to either not develop for the iPhone, or buy an expensive piece of hardware that you only use for iPhone development.  And by ""expensive"" I don't just mean the price tag.  I also mean costs in training (even if it's self-training), maintenance (in 5 years your speedy Mac won't be so speedy anymore), and upgrades (IIRC you already can't install the latest version of Xcode on anything older than Snow Leopard; I imagine this trend will continue).

I know people like you seem to think that it's an easy binary decision: 1) don't buy a Mac and don't develop for the iPhone, or 2) buy a Mac and develop for the iPhone, but there's a lot that goes into that decision, including a judgment of whether or not developing an app that you may not be ""allowed"" to distribute is worthwhile.

It's not so cut and dried.",came_true,"The commenter predicted that Apple would continue requiring developers to own a Mac to build iOS apps, rather than porting the SDK to Windows/Linux, and that this restriction would remain a real burden and business decision for developers. This held true well past 2015 and remains true today: Xcode has never been officially released for Windows or Linux, App Store submissions still require a Mac, and while cross-platform frameworks (Xamarin, Flutter, React Native) and cloud-Mac rental services exist as workarounds, a genuine Mac (or macOS access) is still mandatory for building and shipping iOS apps as of 2026.",https://guarana-technologies.com/blog/do-you-need-a-mac-to-develop-for-ios https://blog.singsys.com/is-macbook-mandatory-for-ios-app-development/ https://developer.apple.com/forums/thread/54124 https://developer.apple.com/xcode/system-requirements,,,
